Timestamp,Camera_ID,Track_ID,Person_ID,Person_Name,Score,X,Y,W,H,Status
2026-09-27 14:59:55,CAM01,72398c36,3,Rakesh Ranjan,0.6999,236,135,131,175,ENTER
2026-09-27 15:00:05,CAM01,72398c36,3,Rakesh Ranjan,0.4905,225,132,126,171,PRESENT
2026-09-27 15:00:15,CAM01,72398c36,3,Rakesh Ranjan,0.7206,235,139,133,171,PRESENT
2026-09-27 15:00:25,CAM01,72398c36,3,Rakesh Ranjan,0.7541,232,116,130,175,PRESENT
2026-09-27 15:02:22,CAM01,91fa5473,3,Rakesh Ranjan,0.7631,243,99,145,189,ENTER
2026-09-27 15:02:27,CAM01,0e75e593,4,Shrinav Tyagi,0.3422,125,3,33,40,ENTER
2026-09-27 15:02:29,CAM01,d29a6762,2,Nivan Tyagi,0.3333,364,35,48,56,ENTER
2026-09-27 15:02:30,CAM01,c6f53906,6,Tejrit Tyagi,0.459,451,71,60,73,ENTER
2026-09-27 15:02:32,CAM01,91fa5473,3,Rakesh Ranjan,0.7377,223,175,96,126,PRESENT
2026-09-27 15:02:33,CAM01,db3ecfe5,5,Sunny Singh,0.3941,505,55,126,168,ENTER
2026-09-27 15:02:34,CAM01,d29a6762,2,Nivan Tyagi,0.3333,0,0,0,0,EXIT
2026-09-27 15:02:36,CAM01,0e75e593,4,Shrinav Tyagi,0.3422,0,0,0,0,EXIT
2026-09-27 15:02:40,CAM01,c6f53906,6,Tejrit Tyagi,0.4411,473,330,78,84,PRESENT
2026-09-27 15:02:40,CAM01,329d0902,4,Shrinav Tyagi,0.4174,477,332,76,80,ENTER
2026-09-27 15:02:43,CAM01,91fa5473,3,Rakesh Ranjan,0.7708,244,175,97,135,PRESENT
2026-09-27 15:02:43,CAM01,db3ecfe5,5,Sunny Singh,0.649,414,88,127,159,PRESENT
2026-09-27 15:02:50,CAM01,c6f53906,6,Tejrit Tyagi,0.4109,492,274,75,89,PRESENT
2026-09-27 15:02:51,CAM01,329d0902,4,Shrinav Tyagi,0.415,503,297,72,82,PRESENT
2026-09-27 15:02:53,CAM01,91fa5473,3,Rakesh Ranjan,0.7409,169,195,100,141,PRESENT
2026-09-27 15:02:53,CAM01,db3ecfe5,5,Sunny Singh,0.7085,422,34,118,151,PRESENT
2026-09-27 15:03:00,CAM01,c6f53906,6,Tejrit Tyagi,0.5851,447,267,71,87,PRESENT
2026-09-27 15:03:02,CAM01,329d0902,4,Shrinav Tyagi,0.5002,443,268,67,78,PRESENT
2026-09-27 15:03:03,CAM01,91fa5473,3,Rakesh Ranjan,0.7461,168,199,100,140,PRESENT
2026-09-27 15:03:03,CAM01,db3ecfe5,5,Sunny Singh,0.7208,437,24,114,155,PRESENT
2026-09-27 15:03:07,CAM01,c6f53906,6,Tejrit Tyagi,0.459,0,0,0,0,EXIT
2026-09-27 15:03:08,CAM01,391e5d4a,6,Tejrit Tyagi,0.3712,543,253,90,106,ENTER
2026-09-27 15:03:10,CAM01,6e8cb6dc,1,Animesh,0.3375,451,250,115,133,ENTER
2026-09-27 15:03:13,CAM01,329d0902,4,Shrinav Tyagi,0.4174,0,0,0,0,EXIT
2026-09-27 15:03:13,CAM01,91fa5473,3,Rakesh Ranjan,0.7717,148,196,108,142,PRESENT
2026-09-27 15:03:14,CAM01,db3ecfe5,5,Sunny Singh,0.4084,571,22,71,158,PRESENT
2026-09-27 15:03:15,CAM01,26844074,4,Shrinav Tyagi,0.3826,530,225,92,108,ENTER
2026-09-27 15:03:16,CAM01,6e8cb6dc,1,Animesh,0.3375,0,0,0,0,EXIT
2026-09-27 15:03:19,CAM01,db3ecfe5,5,Sunny Singh,0.3941,0,0,0,0,EXIT
2026-09-27 15:03:21,CAM01,eda0c761,5,Sunny Singh,0.4998,562,0,78,132,ENTER
2026-09-27 15:03:23,CAM01,91fa5473,3,Rakesh Ranjan,0.762,163,191,104,145,PRESENT
2026-09-27 15:03:23,CAM01,391e5d4a,6,Tejrit Tyagi,0.3712,0,0,0,0,EXIT
2026-09-27 15:03:24,CAM01,424879df,6,Tejrit Tyagi,0.6171,401,237,73,94,ENTER
2026-09-27 15:03:26,CAM01,26844074,4,Shrinav Tyagi,0.4425,402,264,78,90,PRESENT
2026-09-27 15:03:31,CAM01,eda0c761,5,Sunny Singh,0.6313,465,44,145,185,PRESENT
2026-09-27 15:03:33,CAM01,91fa5473,3,Rakesh Ranjan,0.7106,156,195,109,143,PRESENT
2026-09-27 15:03:34,CAM01,424879df,6,Tejrit Tyagi,0.4443,406,269,78,90,PRESENT
2026-09-27 15:03:35,CAM01,cab8269f,2,Nivan Tyagi,0.3326,390,258,90,101,ENTER
2026-09-27 15:03:37,CAM01,26844074,4,Shrinav Tyagi,0.3405,416,240,76,88,PRESENT
2026-09-27 15:03:41,CAM01,cab8269f,2,Nivan Tyagi,0.3326,0,0,0,0,EXIT
2026-09-27 15:03:41,CAM01,eda0c761,5,Sunny Singh,0.7116,457,-1,138,173,PRESENT
2026-09-27 15:03:42,CAM01,26844074,4,Shrinav Tyagi,0.3826,0,0,0,0,EXIT
2026-09-27 15:03:43,CAM01,91fa5473,3,Rakesh Ranjan,0.7397,159,196,103,143,PRESENT
2026-09-27 15:03:44,CAM01,bdb4fd9e,4,Shrinav Tyagi,0.4899,400,278,87,95,ENTER
2026-09-27 15:03:44,CAM01,424879df,6,Tejrit Tyagi,0.513,396,276,87,98,PRESENT
2026-09-27 15:03:53,CAM01,eda0c761,5,Sunny Singh,0.4131,536,42,103,199,PRESENT
2026-09-27 15:03:53,CAM01,91fa5473,3,Rakesh Ranjan,0.5106,177,206,96,133,PRESENT
2026-09-27 15:03:54,CAM01,b7aee86e,2,Nivan Tyagi,0.3511,407,278,74,98,ENTER
2026-09-27 15:03:54,CAM01,bdb4fd9e,4,Shrinav Tyagi,0.3433,422,239,74,95,PRESENT
2026-09-27 15:03:55,CAM01,424879df,6,Tejrit Tyagi,0.5024,576,220,63,102,PRESENT
2026-09-27 15:03:59,CAM01,b7aee86e,2,Nivan Tyagi,0.3511,0,0,0,0,EXIT
2026-09-27 15:04:02,CAM01,eda0c761,5,Sunny Singh,0.4998,0,0,0,0,EXIT
2026-09-27 15:04:03,CAM01,91fa5473,3,Rakesh Ranjan,0.497,104,175,101,129,PRESENT
2026-09-27 15:04:05,CAM01,bdb4fd9e,4,Shrinav Tyagi,0.5809,495,117,96,102,PRESENT
2026-09-27 15:04:06,CAM01,21d65bd4,2,Nivan Tyagi,0.4025,395,211,77,96,ENTER
2026-09-27 15:04:06,CAM01,39915616,5,Sunny Singh,0.5,489,4,134,165,ENTER
2026-09-27 15:04:10,CAM01,424879df,6,Tejrit Tyagi,0.6171,0,0,0,0,EXIT
2026-09-27 15:04:12,CAM01,be0a4514,6,Tejrit Tyagi,0.407,464,147,74,97,ENTER
2026-09-27 15:04:13,CAM01,39915616,5,Sunny Singh,0.5,0,0,0,0,EXIT
2026-09-27 15:04:13,CAM01,21d65bd4,2,Nivan Tyagi,0.4025,0,0,0,0,EXIT
2026-09-27 15:04:13,CAM01,91fa5473,3,Rakesh Ranjan,0.6263,155,203,100,132,PRESENT
2026-09-27 15:04:15,CAM01,bdb4fd9e,4,Shrinav Tyagi,0.5691,477,162,94,104,PRESENT
2026-09-27 15:04:18,CAM01,8733d20c,2,Nivan Tyagi,0.5368,370,76,55,72,ENTER
2026-09-27 15:04:19,CAM01,1e23a638,5,Sunny Singh,0.4626,571,29,68,151,ENTER
2026-09-27 15:04:22,CAM01,be0a4514,6,Tejrit Tyagi,0.443,420,308,81,93,PRESENT
2026-09-27 15:04:23,CAM01,91fa5473,3,Rakesh Ranjan,0.7429,146,188,101,143,PRESENT
2026-09-27 15:04:25,CAM01,bdb4fd9e,4,Shrinav Tyagi,0.3469,386,279,87,97,PRESENT
2026-09-27 15:04:28,CAM01,8733d20c,2,Nivan Tyagi,0.7597,283,97,65,86,PRESENT
2026-09-27 15:04:29,CAM01,1e23a638,5,Sunny Singh,0.7364,506,17,132,183,PRESENT
2026-09-27 15:04:31,CAM01,be0a4514,6,Tejrit Tyagi,0.407,0,0,0,0,EXIT
2026-09-27 15:04:31,CAM01,bdb4fd9e,4,Shrinav Tyagi,0.4899,0,0,0,0,EXIT
2026-09-27 15:04:33,CAM01,ad3af1f8,6,Tejrit Tyagi,0.3825,489,241,78,97,ENTER
2026-09-27 15:04:33,CAM01,91fa5473,3,Rakesh Ranjan,0.6957,146,189,100,141,PRESENT
2026-09-27 15:04:35,CAM01,07e8da43,4,Shrinav Tyagi,0.3643,452,217,81,98,ENTER
2026-09-27 15:04:38,CAM01,8733d20c,2,Nivan Tyagi,0.7182,326,98,70,92,PRESENT
2026-09-27 15:04:40,CAM01,1e23a638,5,Sunny Singh,0.7249,474,0,136,161,PRESENT
2026-09-27 15:04:40,CAM01,07e8da43,4,Shrinav Tyagi,0.3643,0,0,0,0,EXIT
2026-09-27 15:04:40,CAM01,357371c0,4,Shrinav Tyagi,0.4725,455,234,76,94,ENTER
2026-09-27 15:04:43,CAM01,ad3af1f8,6,Tejrit Tyagi,0.5627,491,155,83,96,PRESENT
2026-09-27 15:04:44,CAM01,91fa5473,3,Rakesh Ranjan,0.6868,144,193,103,136,PRESENT
2026-09-27 15:04:46,CAM01,1e23a638,5,Sunny Singh,0.4626,0,0,0,0,EXIT
2026-09-29 18:57:38,CAM01,1c5eb700,3,Rakesh Ranjan,0.7612,84,214,102,141,ENTER
2026-09-29 18:57:48,CAM01,1c5eb700,3,Rakesh Ranjan,0.6783,109,213,98,132,PRESENT
2026-09-29 19:00:51,CAM01,844946ad,3,2. Rakesh Ranjan,0.6039,90,228,106,137,ENTER
2026-09-29 19:01:01,CAM01,844946ad,3,2. Rakesh Ranjan,0.6046,83,221,99,134,PRESENT
2026-09-29 19:01:11,CAM01,844946ad,3,2. Rakesh Ranjan,0.5646,82,221,105,133,PRESENT
2026-10-02 14:31:35,CAM01,c6bab0b1,3,2. Rakesh Ranjan,0.7256,147,229,113,142,ENTER
2026-10-02 14:33:23,CAM01,8fe67d26,3,2. Rakesh Ranjan,0.7325,141,233,106,146,ENTER
2026-10-02 14:34:00,CAM01,41d1c975,3,2. Rakesh Ranjan,0.7036,137,232,109,151,ENTER
2026-10-02 14:34:10,CAM01,41d1c975,3,2. Rakesh Ranjan,0.7357,141,223,110,152,PRESENT
2026-10-02 14:34:20,CAM01,41d1c975,3,2. Rakesh Ranjan,0.6091,150,235,107,141,PRESENT
