Filename,Class Name,Confidence,Xmin,Ymin,Xmax,Ymax
IMG_5244.HEIC,person,0.9136,14,716,3019,4019
IMG_5244.HEIC,person,0.7293,551,1336,1121,2097
IMG_5244.HEIC,couch,0.4021,204,1650,3022,4032
IMG_5245.HEIC,person,0.9160,0,975,3024,4023
IMG_5245.HEIC,person,0.4778,0,1327,185,1907
IMG_5245.HEIC,person,0.4768,0,1195,808,2643
IMG_5245.HEIC,person,0.2528,0,1332,175,1759
IMG_5246.HEIC,person,0.9257,0,869,2995,4015
IMG_5246.HEIC,chair,0.4033,1901,1915,2948,2771
IMG_5247.HEIC,person,0.8496,0,840,3024,4017
IMG_5247.HEIC,couch,0.3125,131,1674,3023,4002
IMG_5248.HEIC,person,0.8979,0,757,3014,4014
IMG_5248.HEIC,chair,0.2707,1403,1755,2196,2255
IMG_5249.HEIC,person,0.9180,0,108,3024,4032
IMG_5249.HEIC,person,0.3743,0,165,676,1012
IMG_5249.HEIC,chair,0.3727,1741,1057,2560,1755
IMG_5250.HEIC,person,0.8848,2,46,2787,4019
IMG_5251.HEIC,person,0.8953,5,644,3002,4032
IMG_5252.HEIC,person,0.9064,517,384,3139,3021
IMG_5253.HEIC,person,0.8803,505,459,3181,3023
IMG_5254.HEIC,person,0.9197,353,1093,2967,4032
IMG_5255.HEIC,person,0.9250,355,913,2997,4021
IMG_5255.HEIC,potted plant,0.3503,273,2195,538,2607
IMG_5256.HEIC,person,0.9102,475,944,2971,4020
IMG_5257.HEIC,person,0.9366,905,924,3016,4026
IMG_5257.HEIC,potted plant,0.2656,2,982,470,2041
IMG_5258.HEIC,person,0.9325,796,776,3018,4022
IMG_5258.HEIC,teddy bear,0.4786,1476,3349,2735,4031
IMG_5259.HEIC,person,0.9240,0,25,2316,3070
IMG_5260.HEIC,person,0.9205,0,22,2314,3079
IMG_5261.HEIC,person,0.9213,3,33,2299,3088
IMG_5263.HEIC,person,0.9278,0,16,2310,3066
IMG_5264.HEIC,person,0.9287,6,398,2728,4028
IMG_5265.HEIC,person,0.9170,40,100,2800,4032
IMG_5266.HEIC,person,0.9258,132,202,2865,4017
IMG_5267.HEIC,person,0.9197,159,251,2848,4020
IMG_5268.HEIC,person,0.9166,150,226,2894,4032
IMG_5269.HEIC,person,0.9119,135,255,2877,4009
IMG_5270.HEIC,person,0.9056,1,451,3017,4021
IMG_5270.HEIC,bed,0.2696,0,13,3022,4032
IMG_5271.HEIC,person,0.8942,0,956,2677,4022
IMG_5272.HEIC,person,0.9149,0,777,3012,4032
IMG_5272.HEIC,tie,0.4016,1605,2920,2273,3169
IMG_5273.HEIC,person,0.9318,0,876,3024,4028
IMG_5274.HEIC,person,0.9001,0,0,4014,3009
IMG_5274.HEIC,tie,0.5653,1521,1945,2184,2239
IMG_5275.HEIC,person,0.5759,3,4,2260,2995
IMG_5275.HEIC,person,0.5017,1540,13,3555,3012
IMG_5275.HEIC,person,0.4215,0,0,3357,3024
IMG_5275.HEIC,microwave,0.3972,3306,1865,4029,3020
IMG_5277.HEIC,person,0.9066,0,369,3024,4032
IMG_5278.HEIC,person,0.9030,0,608,3024,4032
IMG_5279.HEIC,person,0.8528,8,329,2969,4032
IMG_5280.HEIC,person,0.9090,0,860,2995,4032
IMG_5281.HEIC,person,0.9137,0,679,3020,4032
IMG_5281.HEIC,tv,0.4185,1861,1,3021,915
